{
	"__comment": "Designed by MSpaceDev with Cubik Studio - https://cubik.studio",
	"parent": "block/block",
	"textures": {
		"particle": "block/acacia_trapdoor",
		"texture": "block/acacia_trapdoor"
	},
	"elements": [ 	 
		{
			"__comment": "Element",
			"from": [ 0, 0, 13 ],
			"to": [ 2, 16, 16 ],
			"faces": {
				"down": { "uv": [ 0, 13, 2, 16 ], "texture": "#texture", "cullface": "down" },
				"up": { "uv": [ 16, 16, 14, 13 ], "texture": "#texture", "cullface": "up" },
				"north": { "uv": [ 2, 16, 0, 0 ], "texture": "#texture", "cullface": "north" },
				"south": { "uv": [ 0, 0, 2, 16 ], "texture": "#texture", "cullface": "south" },
				"west": { "uv": [ 0, 0, 16, 3 ], "texture": "#texture", "cullface": "west", "rotation": 270 },
				"east": { "uv": [ 4, 3, 7, 13 ], "texture": "#texture", "cullface": "east", "rotation": 180 }
			}
		},
		{
			"__comment": "Element",
			"from": [ 14, 0, 13 ],
			"to": [ 16, 16, 16 ],
			"faces": {
				"down": { "uv": [ 14, 13, 16, 16 ], "texture": "#texture", "cullface": "down" },
				"up": { "uv": [ 2, 16, 0, 13 ], "texture": "#texture", "cullface": "up" },
				"north": { "uv": [ 16, 16, 14, 0 ], "texture": "#texture", "cullface": "north" },
				"south": { "uv": [ 14, 0, 16, 16 ], "texture": "#texture", "cullface": "south" },
				"west": { "uv": [ 4, 3, 7, 13 ], "texture": "#texture", "cullface": "west" },
				"east": { "uv": [ 0, 0, 16, 3 ], "texture": "#texture", "cullface": "east", "rotation": 90 }
			}
		},
		{
			"__comment": "Element",
			"from": [ 2, 13, 13 ],
			"to": [ 14, 16, 16 ],
			"faces": {
				"down": { "uv": [ 2, 0, 14, 3 ], "texture": "#texture", "cullface": "down", "rotation": 180 },
				"up": { "uv": [ 14, 3, 2, 0 ], "texture": "#texture", "cullface": "up", "rotation": 180 },
				"north": { "uv": [ 14, 3, 2, 0 ], "texture": "#texture", "cullface": "north", "rotation": 180 },
				"south": { "uv": [ 2, 0, 14, 3 ], "texture": "#texture", "cullface": "south" }
			}
		},
		{
			"__comment": "Element",
			"from": [ 2, -0.0003, 13.0004 ],
			"to": [ 14, 2.9997, 16.0004 ],
			"faces": {
				"down": { "uv": [ 2, 0, 14, 3 ], "texture": "#texture", "cullface": "down", "rotation": 180 },
				"up": { "uv": [ 14, 3, 2, 0 ], "texture": "#texture", "cullface": "up", "rotation": 180 },
				"north": { "uv": [ 14, 16, 2, 13 ], "texture": "#texture", "cullface": "north", "rotation": 180 },
				"south": { "uv": [ 2, 13, 14, 16 ], "texture": "#texture", "cullface": "south" }
			}
		},
		{
			"__comment": "Element",
			"from": [ 4, 3, 13.0002 ],
			"to": [ 7, 13, 16.0002 ],
			"faces": {
				"north": { "uv": [ 7, 13, 4, 3 ], "texture": "#texture", "cullface": "north", "rotation": 180 },
				"south": { "uv": [ 4, 3, 7, 13 ], "texture": "#texture", "cullface": "south" },
				"west": { "uv": [ 4, 3, 7, 13 ], "texture": "#texture", "cullface": "west" },
				"east": { "uv": [ 4, 3, 7, 13 ], "texture": "#texture", "cullface": "east", "rotation": 180 }
			}
		},
		{
			"__comment": "Element",
			"from": [ 9, 3, 13.0002 ],
			"to": [ 12, 13, 16.0002 ],
			"faces": {
				"north": { "uv": [ 12, 13, 9, 3 ], "texture": "#texture", "cullface": "north", "rotation": 180 },
				"south": { "uv": [ 9, 3, 12, 13 ], "texture": "#texture", "cullface": "south" },
				"west": { "uv": [ 4, 3, 7, 13 ], "texture": "#texture", "cullface": "west" },
				"east": { "uv": [ 4, 3, 7, 13 ], "texture": "#texture", "cullface": "east", "rotation": 180 }
			}
		}
	]
}