{
	"parent": "block/thin_block",
	"textures": {
		"particle": "block/dark_oak_trapdoor",
		"texture": "block/dark_oak_trapdoor"
	},
	"elements": [ 	 
		{
			"__comment": "Element",
			"from": [ 0, 13, 0 ],
			"to": [ 2, 16, 16 ],
			"faces": {
				"down": { "uv": [ 16, 16, 14, 0 ], "texture": "#texture", "cullface": "down" },
				"up": { "uv": [ 0, 0, 2, 16 ], "texture": "#texture", "cullface": "up" },
				"north": { "uv": [ 2, 16, 0, 13 ], "texture": "#texture", "cullface": "north" },
				"south": { "uv": [ 0, 0, 2, 3 ], "texture": "#texture", "cullface": "south" },
				"west": { "uv": [ 13, 0, 16, 16 ], "texture": "#texture", "cullface": "west", "rotation": 270 },
				"east": { "uv": [ 0, 0, 3, 16 ], "texture": "#texture", "cullface": "east", "rotation": 90 }
			}
		},
		{
			"__comment": "Element",
			"from": [ 14, 13, 0 ],
			"to": [ 16, 16, 16 ],
			"faces": {
				"down": { "uv": [ 2, 16, 0, 0 ], "texture": "#texture", "cullface": "down" },
				"up": { "uv": [ 14, 0, 16, 16 ], "texture": "#texture", "cullface": "up" },
				"north": { "uv": [ 16, 16, 14, 13 ], "texture": "#texture", "cullface": "north" },
				"south": { "uv": [ 14, 0, 16, 3 ], "texture": "#texture", "cullface": "south" },
				"west": { "uv": [ 13, 0, 16, 16 ], "texture": "#texture", "cullface": "west", "rotation": 270 },
				"east": { "uv": [ 0, 0, 3, 16 ], "texture": "#texture", "cullface": "east", "rotation": 90 }
			}
		},
		{
			"__comment": "Element",
			"from": [ 6, 13, 0 ],
			"to": [ 10, 16, 16 ],
			"faces": {
				"down": { "uv": [ 10, 16, 6, 0 ], "texture": "#texture", "cullface": "down" },
				"up": { "uv": [ 6, 0, 10, 16 ], "texture": "#texture", "cullface": "up" },
				"north": { "uv": [ 10, 16, 6, 13 ], "texture": "#texture", "cullface": "north" },
				"south": { "uv": [ 6, 0, 10, 3 ], "texture": "#texture", "cullface": "south" },
				"west": { "uv": [ 13, 0, 16, 16 ], "texture": "#texture", "cullface": "west", "rotation": 270 },
				"east": { "uv": [ 0, 0, 3, 16 ], "texture": "#texture", "cullface": "east", "rotation": 90 }
			}
		},
		{
			"__comment": "Element",
			"from": [ 2, 13, 6 ],
			"to": [ 6, 16, 10 ],
			"faces": {
				"down": { "uv": [ 14, 10, 10, 6 ], "texture": "#texture", "cullface": "down" },
				"up": { "uv": [ 2, 6, 6, 10 ], "texture": "#texture", "cullface": "up" },
				"north": { "uv": [ 6, 16, 2, 13 ], "texture": "#texture", "cullface": "north" },
				"south": { "uv": [ 2, 0, 6, 3 ], "texture": "#texture", "cullface": "south" },
				"west": { "uv": [ 13, 6, 16, 10 ], "texture": "#texture", "cullface": "west", "rotation": 270 },
				"east": { "uv": [ 0, 6, 3, 10 ], "texture": "#texture", "cullface": "east", "rotation": 90 }
			}
		},
		{
			"__comment": "Element",
			"from": [ 10, 13, 6 ],
			"to": [ 14, 16, 10 ],
			"faces": {
				"down": { "uv": [ 6, 10, 2, 6 ], "texture": "#texture", "cullface": "down" },
				"up": { "uv": [ 10, 6, 14, 10 ], "texture": "#texture", "cullface": "up" },
				"north": { "uv": [ 14, 16, 10, 13 ], "texture": "#texture", "cullface": "north" },
				"south": { "uv": [ 10, 0, 14, 3 ], "texture": "#texture", "cullface": "south" },
				"west": { "uv": [ 13, 6, 16, 10 ], "texture": "#texture", "cullface": "west", "rotation": 270 },
				"east": { "uv": [ 0, 6, 3, 10 ], "texture": "#texture", "cullface": "east", "rotation": 90 }
			}
		},
		{
			"__comment": "Element",
			"from": [ 10, 13, 14 ],
			"to": [ 14, 16, 16 ],
			"faces": {
				"down": { "uv": [ 6, 16, 2, 14 ], "texture": "#texture", "cullface": "down" },
				"up": { "uv": [ 10, 14, 14, 16 ], "texture": "#texture", "cullface": "up" },
				"north": { "uv": [ 14, 16, 10, 13 ], "texture": "#texture", "cullface": "north" },
				"south": { "uv": [ 10, 0, 14, 3 ], "texture": "#texture", "cullface": "south" },
				"west": { "uv": [ 13, 14, 16, 16 ], "texture": "#texture", "cullface": "west", "rotation": 270 },
				"east": { "uv": [ 0, 14, 3, 16 ], "texture": "#texture", "cullface": "east", "rotation": 90 }
			}
		},
		{
			"__comment": "Element",
			"from": [ 2, 13, 14 ],
			"to": [ 6, 16, 16 ],
			"faces": {
				"down": { "uv": [ 14, 16, 10, 14 ], "texture": "#texture", "cullface": "down" },
				"up": { "uv": [ 2, 14, 6, 16 ], "texture": "#texture", "cullface": "up" },
				"north": { "uv": [ 6, 16, 2, 13 ], "texture": "#texture", "cullface": "north" },
				"south": { "uv": [ 2, 0, 6, 3 ], "texture": "#texture", "cullface": "south" },
				"west": { "uv": [ 13, 14, 16, 16 ], "texture": "#texture", "cullface": "west", "rotation": 270 },
				"east": { "uv": [ 0, 14, 3, 16 ], "texture": "#texture", "cullface": "east", "rotation": 90 }
			}
		},
		{
			"__comment": "Element",
			"from": [ 2, 13, 0 ],
			"to": [ 6, 16, 2 ],
			"faces": {
				"down": { "uv": [ 14, 2, 10, 0 ], "texture": "#texture", "cullface": "down" },
				"up": { "uv": [ 2, 0, 6, 2 ], "texture": "#texture", "cullface": "up" },
				"north": { "uv": [ 6, 16, 2, 13 ], "texture": "#texture", "cullface": "north" },
				"south": { "uv": [ 2, 0, 6, 3 ], "texture": "#texture", "cullface": "south" },
				"west": { "uv": [ 13, 0, 16, 2 ], "texture": "#texture", "cullface": "west", "rotation": 270 },
				"east": { "uv": [ 0, 0, 3, 2 ], "texture": "#texture", "cullface": "east", "rotation": 90 }
			}
		},
		{
			"__comment": "Element",
			"from": [ 10, 13, 0 ],
			"to": [ 14, 16, 2 ],
			"faces": {
				"down": { "uv": [ 6, 2, 2, 0 ], "texture": "#texture", "cullface": "down" },
				"up": { "uv": [ 10, 0, 14, 2 ], "texture": "#texture", "cullface": "up" },
				"north": { "uv": [ 14, 16, 10, 13 ], "texture": "#texture", "cullface": "north" },
				"south": { "uv": [ 10, 0, 14, 3 ], "texture": "#texture", "cullface": "south" },
				"west": { "uv": [ 13, 0, 16, 2 ], "texture": "#texture", "cullface": "west", "rotation": 270 },
				"east": { "uv": [ 0, 0, 3, 2 ], "texture": "#texture", "cullface": "east", "rotation": 90 }
			}
		},
		{
			"__comment": "Element",
			"from": [ 0.5, 14, 0.5 ],
			"to": [ 15.5, 15, 15.5 ],
			"faces": {
				"down": { "uv": [ 15.5, 15.5, 0.5, 0.5 ], "texture": "#texture", "cullface": "down" },
				"up": { "uv": [ 0.5, 0.5, 15.5, 15.5 ], "texture": "#texture", "cullface": "up" },
				"north": { "uv": [ 15.5, 15, 0.5, 14 ], "texture": "#texture", "cullface": "north" },
				"south": { "uv": [ 0.5, 1, 15.5, 2 ], "texture": "#texture", "cullface": "south" },
				"west": { "uv": [ 14, 0.5, 15, 15.5 ], "texture": "#texture", "cullface": "west", "rotation": 270 },
				"east": { "uv": [ 1, 0.5, 2, 15.5 ], "texture": "#texture", "cullface": "east", "rotation": 90 }
			}
		}
	]
}