{
	"parent": "block/thin_block",
	"textures": {
		"particle": "block/spruce_trapdoor",
		"texture": "block/spruce_trapdoor"
	},
	"elements": [ 	 
		{
			"__comment": "Element",
			"from": [ 0, 13, 0 ],
			"to": [ 16, 16, 16 ],
			"faces": {
				"down": { "uv": [ 0, 0, 16, 16 ], "texture": "#texture", "cullface": "down" },
				"up": { "uv": [ 0, 16, 16, 0 ], "texture": "#texture", "cullface": "up" },
				"north": { "uv": [ 0, 0, 16, 3 ], "texture": "#texture", "cullface": "north" },
				"south": { "uv": [ 0, 0, 16, 3 ], "texture": "#texture", "cullface": "south" },
				"west": { "uv": [ 0, 0, 16, 3 ], "texture": "#texture", "cullface": "west" },
				"east": { "uv": [ 0, 0, 16, 3 ], "texture": "#texture", "cullface": "east" }
			}
		},
		{
			"__comment": "Box2",
			"from": [ 3, 16, 0 ],
			"to": [ 4, 16.5, 16 ],
			"faces": {
				"down": { "uv": [ 3, 0, 4, 16 ], "texture": "#texture" },
				"up": { "uv": [ 3, 0, 4, 16 ], "texture": "#texture" },
				"north": { "uv": [ 12, 12.5, 13, 13 ], "texture": "#texture" },
				"south": { "uv": [ 3, 12.5, 4, 13 ], "texture": "#texture" },
				"west": { "uv": [ 3, 0, 4, 16 ], "texture": "#texture", "rotation": 90 },
				"east": { "uv": [ 3, 0, 4, 16 ], "texture": "#texture", "rotation": 90 }
			}
		},
		{
			"__comment": "Box2",
			"from": [ 6, 16, 0 ],
			"to": [ 7, 16.5, 16 ],
			"faces": {
				"down": { "uv": [ 3, 0, 4, 16 ], "texture": "#texture" },
				"up": { "uv": [ 3, 0, 4, 16 ], "texture": "#texture" },
				"north": { "uv": [ 12, 12.5, 13, 13 ], "texture": "#texture" },
				"south": { "uv": [ 3, 12.5, 4, 13 ], "texture": "#texture" },
				"west": { "uv": [ 3, 0, 4, 16 ], "texture": "#texture", "rotation": 90 },
				"east": { "uv": [ 3, 0, 4, 16 ], "texture": "#texture", "rotation": 90 }
			}
		},
		{
			"__comment": "Box2",
			"from": [ 9, 16, 0 ],
			"to": [ 10, 16.5, 16 ],
			"faces": {
				"down": { "uv": [ 3, 0, 4, 16 ], "texture": "#texture" },
				"up": { "uv": [ 3, 0, 4, 16 ], "texture": "#texture" },
				"north": { "uv": [ 12, 12.5, 13, 13 ], "texture": "#texture" },
				"south": { "uv": [ 3, 12.5, 4, 13 ], "texture": "#texture" },
				"west": { "uv": [ 3, 0, 4, 16 ], "texture": "#texture", "rotation": 90 },
				"east": { "uv": [ 3, 0, 4, 16 ], "texture": "#texture", "rotation": 90 }
			}
		},
		{
			"__comment": "Box2",
			"from": [ 12, 16, 0 ],
			"to": [ 13, 16.5, 16 ],
			"faces": {
				"down": { "uv": [ 3, 0, 4, 16 ], "texture": "#texture" },
				"up": { "uv": [ 3, 0, 4, 16 ], "texture": "#texture" },
				"north": { "uv": [ 12, 12.5, 13, 13 ], "texture": "#texture" },
				"south": { "uv": [ 3, 12.5, 4, 13 ], "texture": "#texture" },
				"west": { "uv": [ 3, 0, 4, 16 ], "texture": "#texture", "rotation": 90 },
				"east": { "uv": [ 3, 0, 4, 16 ], "texture": "#texture", "rotation": 90 }
			}
		},
		{
			"__comment": "Box2",
			"from": [ 3, 12.5, 0 ],
			"to": [ 4, 13, 16 ],
			"faces": {
				"down": { "uv": [ 3, 0, 4, 16 ], "texture": "#texture" },
				"up": { "uv": [ 3, 0, 4, 16 ], "texture": "#texture" },
				"north": { "uv": [ 12, 12.5, 13, 13 ], "texture": "#texture" },
				"south": { "uv": [ 3, 12.5, 4, 13 ], "texture": "#texture" },
				"west": { "uv": [ 3, 0, 4, 16 ], "texture": "#texture", "rotation": 90 },
				"east": { "uv": [ 3, 0, 4, 16 ], "texture": "#texture", "rotation": 90 }
			}
		},
		{
			"__comment": "Box2",
			"from": [ 6, 12.5, 0 ],
			"to": [ 7, 13, 16 ],
			"faces": {
				"down": { "uv": [ 3, 0, 4, 16 ], "texture": "#texture" },
				"up": { "uv": [ 3, 0, 4, 16 ], "texture": "#texture" },
				"north": { "uv": [ 12, 12.5, 13, 13 ], "texture": "#texture" },
				"south": { "uv": [ 3, 12.5, 4, 13 ], "texture": "#texture" },
				"west": { "uv": [ 3, 0, 4, 16 ], "texture": "#texture", "rotation": 90 },
				"east": { "uv": [ 3, 0, 4, 16 ], "texture": "#texture", "rotation": 90 }
			}
		},
		{
			"__comment": "Box2",
			"from": [ 9, 12.5, 0 ],
			"to": [ 10, 13, 16 ],
			"faces": {
				"down": { "uv": [ 3, 0, 4, 16 ], "texture": "#texture" },
				"up": { "uv": [ 3, 0, 4, 16 ], "texture": "#texture" },
				"north": { "uv": [ 12, 12.5, 13, 13 ], "texture": "#texture" },
				"south": { "uv": [ 3, 12.5, 4, 13 ], "texture": "#texture" },
				"west": { "uv": [ 3, 0, 4, 16 ], "texture": "#texture", "rotation": 90 },
				"east": { "uv": [ 3, 0, 4, 16 ], "texture": "#texture", "rotation": 90 }
			}
		},
		{
			"__comment": "Box2",
			"from": [ 12, 12.5, 0 ],
			"to": [ 13, 13, 16 ],
			"faces": {
				"down": { "uv": [ 3, 0, 4, 16 ], "texture": "#texture" },
				"up": { "uv": [ 3, 0, 4, 16 ], "texture": "#texture" },
				"north": { "uv": [ 12, 12.5, 13, 13 ], "texture": "#texture" },
				"south": { "uv": [ 3, 12.5, 4, 13 ], "texture": "#texture" },
				"west": { "uv": [ 3, 0, 4, 16 ], "texture": "#texture", "rotation": 90 },
				"east": { "uv": [ 3, 0, 4, 16 ], "texture": "#texture", "rotation": 90 }
			}
		},
		{
			"__comment": "Box2",
			"from": [ 3, 12.5, -0.5 ],
			"to": [ 4, 16.5, 0 ],
			"faces": {
				"down": { "uv": [ 3, 0, 4, 16 ], "texture": "#texture" },
				"up": { "uv": [ 3, 0, 4, 16 ], "texture": "#texture" },
				"north": { "uv": [ 12, 12.5, 13, 13 ], "texture": "#texture" },
				"south": { "uv": [ 3, 12.5, 4, 13 ], "texture": "#texture" },
				"west": { "uv": [ 3, 0, 4, 16 ], "texture": "#texture", "rotation": 180 },
				"east": { "uv": [ 3, 0, 4, 16 ], "texture": "#texture", "rotation": 180 }
			}
		},
		{
			"__comment": "Box2",
			"from": [ 6, 12.5, -0.5 ],
			"to": [ 7, 16.5, 0 ],
			"faces": {
				"down": { "uv": [ 3, 0, 4, 16 ], "texture": "#texture" },
				"up": { "uv": [ 3, 0, 4, 16 ], "texture": "#texture" },
				"north": { "uv": [ 12, 12.5, 13, 13 ], "texture": "#texture" },
				"south": { "uv": [ 3, 12.5, 4, 13 ], "texture": "#texture" },
				"west": { "uv": [ 3, 0, 4, 16 ], "texture": "#texture", "rotation": 180 },
				"east": { "uv": [ 3, 0, 4, 16 ], "texture": "#texture", "rotation": 180 }
			}
		},
		{
			"__comment": "Box2",
			"from": [ 9, 12.5, -0.5 ],
			"to": [ 10, 16.5, 0 ],
			"faces": {
				"down": { "uv": [ 3, 0, 4, 16 ], "texture": "#texture" },
				"up": { "uv": [ 3, 0, 4, 16 ], "texture": "#texture" },
				"north": { "uv": [ 12, 12.5, 13, 13 ], "texture": "#texture" },
				"south": { "uv": [ 3, 12.5, 4, 13 ], "texture": "#texture" },
				"west": { "uv": [ 3, 0, 4, 16 ], "texture": "#texture", "rotation": 180 },
				"east": { "uv": [ 3, 0, 4, 16 ], "texture": "#texture", "rotation": 180 }
			}
		},
		{
			"__comment": "Box2",
			"from": [ 12, 12.5, -0.5 ],
			"to": [ 13, 16.5, 0 ],
			"faces": {
				"down": { "uv": [ 3, 0, 4, 16 ], "texture": "#texture" },
				"up": { "uv": [ 3, 0, 4, 16 ], "texture": "#texture" },
				"north": { "uv": [ 12, 12.5, 13, 13 ], "texture": "#texture" },
				"south": { "uv": [ 3, 12.5, 4, 13 ], "texture": "#texture" },
				"west": { "uv": [ 3, 0, 4, 16 ], "texture": "#texture", "rotation": 180 },
				"east": { "uv": [ 3, 0, 4, 16 ], "texture": "#texture", "rotation": 180 }
			}
		},
		{
			"__comment": "Box2",
			"from": [ 12, 12.5, 16 ],
			"to": [ 13, 16.5, 16.5 ],
			"faces": {
				"down": { "uv": [ 3, 0, 4, 16 ], "texture": "#texture" },
				"up": { "uv": [ 3, 0, 4, 16 ], "texture": "#texture" },
				"north": { "uv": [ 12, 12.5, 13, 13 ], "texture": "#texture" },
				"south": { "uv": [ 3, 12.5, 4, 13 ], "texture": "#texture" },
				"west": { "uv": [ 3, 0, 4, 16 ], "texture": "#texture", "rotation": 180 },
				"east": { "uv": [ 3, 0, 4, 16 ], "texture": "#texture", "rotation": 180 }
			}
		},
		{
			"__comment": "Box2",
			"from": [ 3, 12.5, 16 ],
			"to": [ 4, 16.5, 16.5 ],
			"faces": {
				"down": { "uv": [ 3, 0, 4, 16 ], "texture": "#texture" },
				"up": { "uv": [ 3, 0, 4, 16 ], "texture": "#texture" },
				"north": { "uv": [ 12, 12.5, 13, 13 ], "texture": "#texture" },
				"south": { "uv": [ 3, 12.5, 4, 13 ], "texture": "#texture" },
				"west": { "uv": [ 3, 0, 4, 16 ], "texture": "#texture", "rotation": 180 },
				"east": { "uv": [ 3, 0, 4, 16 ], "texture": "#texture", "rotation": 180 }
			}
		},
		{
			"__comment": "Box2",
			"from": [ 6, 12.5, 16 ],
			"to": [ 7, 16.5, 16.5 ],
			"faces": {
				"down": { "uv": [ 3, 0, 4, 16 ], "texture": "#texture" },
				"up": { "uv": [ 3, 0, 4, 16 ], "texture": "#texture" },
				"north": { "uv": [ 12, 12.5, 13, 13 ], "texture": "#texture" },
				"south": { "uv": [ 3, 12.5, 4, 13 ], "texture": "#texture" },
				"west": { "uv": [ 3, 0, 4, 16 ], "texture": "#texture", "rotation": 180 },
				"east": { "uv": [ 3, 0, 4, 16 ], "texture": "#texture", "rotation": 180 }
			}
		},
		{
			"__comment": "Box2",
			"from": [ 9, 12.5, 16 ],
			"to": [ 10, 16.5, 16.5 ],
			"faces": {
				"down": { "uv": [ 3, 0, 4, 16 ], "texture": "#texture" },
				"up": { "uv": [ 3, 0, 4, 16 ], "texture": "#texture" },
				"north": { "uv": [ 12, 12.5, 13, 13 ], "texture": "#texture" },
				"south": { "uv": [ 3, 12.5, 4, 13 ], "texture": "#texture" },
				"west": { "uv": [ 3, 0, 4, 16 ], "texture": "#texture", "rotation": 180 },
				"east": { "uv": [ 3, 0, 4, 16 ], "texture": "#texture", "rotation": 180 }
			}
		}
	]
}